,Country,Year,Wheat Yield (tonnes/km2),Tree Cover Loss (hectares)
0,Afghanistan,2002,1.54,179.0
1,Afghanistan,2003,1.5,244.0
2,Afghanistan,2004,1.27,201.0
3,Afghanistan,2005,1.82,236.0
4,Afghanistan,2006,1.38,152.0
5,Afghanistan,2007,1.82,253.0
6,Afghanistan,2008,1.23,107.0
7,Afghanistan,2009,1.97,70.0
8,Afghanistan,2010,1.93,88.0
9,Afghanistan,2011,1.52,113.0
10,Afghanistan,2012,2.01,39.0
11,Afghanistan,2013,2.02,1.0
12,Afghanistan,2014,2.02,3.0
13,Afghanistan,2015,2.2,0.0
14,Afghanistan,2016,1.98,0.0
15,Afghanistan,2017,2.03,0.0
16,Afghanistan,2018,2.21,26.0
17,Afghanistan,2019,2.1,17.0
18,Afghanistan,2020,1.94,37.0
19,Afghanistan,2021,2.13,26.0
20,Albania,2002,3.16,890.0
21,Albania,2003,2.86,614.0
22,Albania,2004,3.11,3237.0
23,Albania,2005,3.16,695.0
24,Albania,2006,3.08,963.0
25,Albania,2007,3.55,5225.0
26,Albania,2008,4.02,5471.0
27,Albania,2009,4.02,1337.0
28,Albania,2010,3.99,656.0
29,Albania,2011,4.23,1188.0
30,Albania,2012,4.11,5396.0
31,Albania,2013,4.13,2570.0
32,Albania,2014,4.0,1052.0
33,Albania,2015,3.95,284.0
34,Albania,2016,3.9,928.0
35,Albania,2017,4.04,1689.0
36,Albania,2018,3.69,2049.0
37,Albania,2019,4.07,1074.0
38,Albania,2020,4.33,1118.0
39,Albania,2021,4.13,1686.0
40,Algeria,2002,1.07,3010.0
41,Algeria,2003,1.45,3831.0
42,Algeria,2004,1.36,4374.0
43,Algeria,2005,1.51,4470.0
44,Algeria,2006,1.51,5415.0
45,Algeria,2007,1.27,5202.0
46,Algeria,2008,1.1,7972.0
47,Algeria,2009,1.6,10467.0
48,Algeria,2010,1.48,2606.0
49,Algeria,2011,1.74,8344.0
50,Algeria,2012,1.76,10913.0
51,Algeria,2013,1.91,6927.0
52,Algeria,2014,1.48,9523.0
53,Algeria,2015,1.46,5707.0
54,Algeria,2016,1.18,8011.0
55,Algeria,2017,1.15,45979.0
56,Algeria,2018,2.04,5764.0
57,Algeria,2019,1.96,6291.0
58,Algeria,2020,1.68,13073.0
59,Algeria,2021,1.58,20473.0
60,Angola,2002,1.55,61034.0
61,Angola,2003,1.39,52462.0
62,Angola,2004,1.24,71274.0
63,Angola,2005,1.09,93435.0
64,Angola,2006,1.0,76940.0
65,Angola,2007,1.0,145287.0
66,Angola,2008,1.0,103582.0
67,Angola,2009,1.0,165948.0
68,Angola,2010,1.05,159806.0
69,Angola,2011,1.1,182928.0
70,Angola,2012,1.13,180755.0
71,Angola,2013,0.94,168841.0
72,Angola,2014,0.78,212662.0
73,Angola,2015,1.01,161719.0
74,Angola,2016,0.88,229710.0
75,Angola,2017,0.86,280456.0
76,Angola,2018,0.91,242552.0
77,Angola,2019,0.88,175098.0
78,Angola,2020,0.88,248028.0
79,Angola,2021,0.89,298294.0
80,Argentina,2002,2.24,105002.0
81,Argentina,2003,2.04,249155.0
82,Argentina,2004,2.54,433430.0
83,Argentina,2005,2.64,367249.0
84,Argentina,2006,2.53,316447.0
85,Argentina,2007,2.62,425345.0
86,Argentina,2008,2.83,592753.0
87,Argentina,2009,1.96,309858.0
88,Argentina,2010,2.71,413231.0
89,Argentina,2011,3.51,499187.0
90,Argentina,2012,3.22,478178.0
91,Argentina,2013,2.66,376777.0
92,Argentina,2014,2.66,241103.0
93,Argentina,2015,2.81,180233.0
94,Argentina,2016,2.86,230189.0
95,Argentina,2017,3.3,233920.0
96,Argentina,2018,3.18,172958.0
97,Argentina,2019,3.22,145444.0
98,Argentina,2020,2.94,197379.0
99,Argentina,2021,2.76,201882.0
100,Armenia,2002,2.39,173.0
101,Armenia,2003,1.72,396.0
102,Armenia,2004,2.34,83.0
103,Armenia,2005,2.03,104.0
104,Armenia,2006,1.46,130.0
105,Armenia,2007,2.58,55.0
106,Armenia,2008,2.43,113.0
107,Armenia,2009,2.24,203.0
108,Armenia,2010,2.12,162.0
109,Armenia,2011,2.88,174.0
110,Armenia,2012,2.6,198.0
111,Armenia,2013,3.13,42.0
112,Armenia,2014,3.23,38.0
113,Armenia,2015,3.34,2.0
114,Armenia,2016,3.24,30.0
115,Armenia,2017,2.18,42.0
116,Armenia,2018,2.82,6.0
117,Armenia,2019,1.96,1.0
118,Armenia,2020,2.25,19.0
119,Armenia,2021,2.47,5.0
120,Australia,2002,2.11,312150.0
121,Australia,2003,0.91,373847.0
122,Australia,2004,2.0,124769.0
123,Australia,2005,1.63,177023.0
124,Australia,2006,2.02,186304.0
125,Australia,2007,0.92,372716.0
126,Australia,2008,1.08,205725.0
127,Australia,2009,1.58,203709.0
128,Australia,2010,1.57,290723.0
129,Australia,2011,2.03,121316.0
130,Australia,2012,2.15,139803.0
131,Australia,2013,1.76,260094.0
132,Australia,2014,2.01,281737.0
133,Australia,2015,1.92,261571.0
134,Australia,2016,1.97,430899.0
135,Australia,2017,2.61,236868.0
136,Australia,2018,1.92,250749.0
137,Australia,2019,1.69,1661548.0
138,Australia,2020,1.47,2356303.0
139,Australia,2021,2.52,261044.0
140,Austria,2002,4.97,10902.0
141,Austria,2003,4.38,14476.0
142,Austria,2004,5.92,14599.0
143,Austria,2005,5.03,21657.0
144,Austria,2006,4.91,12584.0
145,Austria,2007,4.78,31670.0
146,Austria,2008,5.69,26896.0
147,Austria,2009,4.93,15887.0
148,Austria,2010,5.01,16713.0
149,Austria,2011,5.85,18090.0
150,Austria,2012,4.14,11158.0
151,Austria,2013,5.37,7645.0
152,Austria,2014,5.92,9870.0
153,Austria,2015,5.7,7938.0
154,Austria,2016,6.25,17210.0
155,Austria,2017,4.87,18406.0
156,Austria,2018,4.65,26310.0
157,Austria,2019,5.74,33642.0
158,Austria,2020,5.92,25937.0
159,Austria,2021,5.53,16652.0
160,Azerbaijan,2002,2.6,1154.0
161,Azerbaijan,2003,2.56,1039.0
162,Azerbaijan,2004,2.57,585.0
163,Azerbaijan,2005,2.58,246.0
164,Azerbaijan,2006,2.6,525.0
165,Azerbaijan,2007,2.67,508.0
166,Azerbaijan,2008,2.73,472.0
167,Azerbaijan,2009,2.59,372.0
168,Azerbaijan,2010,1.94,550.0
169,Azerbaijan,2011,2.44,147.0
170,Azerbaijan,2012,2.61,598.0
171,Azerbaijan,2013,2.67,149.0
172,Azerbaijan,2014,2.33,328.0
173,Azerbaijan,2015,3.04,27.0
174,Azerbaijan,2016,3.05,25.0
175,Azerbaijan,2017,2.97,80.0
176,Azerbaijan,2018,2.94,75.0
177,Azerbaijan,2019,3.16,12.0
178,Azerbaijan,2020,3.09,23.0
179,Azerbaijan,2021,3.21,85.0
180,Bangladesh,2002,2.16,3995.0
181,Bangladesh,2003,2.13,2159.0
182,Bangladesh,2004,1.95,4283.0
183,Bangladesh,2005,1.75,3293.0
184,Bangladesh,2006,1.53,6863.0
185,Bangladesh,2007,1.85,3995.0
186,Bangladesh,2008,2.18,4480.0
187,Bangladesh,2009,2.15,5625.0
188,Bangladesh,2010,2.4,4668.0
189,Bangladesh,2011,2.6,4181.0
190,Bangladesh,2012,2.78,5359.0
191,Bangladesh,2013,3.01,6022.0
192,Bangladesh,2014,3.03,12061.0
193,Bangladesh,2015,3.09,12604.0
194,Bangladesh,2016,3.03,21196.0
195,Bangladesh,2017,3.16,28377.0
196,Bangladesh,2018,3.13,19343.0
197,Bangladesh,2019,3.08,22079.0
198,Bangladesh,2020,3.1,21475.0
199,Bangladesh,2021,3.3,17587.0
200,Belarus,2002,2.69,25383.0
201,Belarus,2003,2.51,32119.0
202,Belarus,2004,3.3,38597.0
203,Belarus,2005,3.28,36192.0
204,Belarus,2006,2.82,42269.0
205,Belarus,2007,3.28,32657.0
206,Belarus,2008,3.98,35896.0
207,Belarus,2009,3.54,35543.0
208,Belarus,2010,2.89,35754.0
209,Belarus,2011,3.31,45367.0
210,Belarus,2012,3.58,39591.0
211,Belarus,2013,3.06,28085.0
212,Belarus,2014,3.94,33626.0
213,Belarus,2015,3.96,33899.0
214,Belarus,2016,3.29,90487.0
215,Belarus,2017,3.65,78767.0
216,Belarus,2018,2.75,87447.0
217,Belarus,2019,3.33,75049.0
218,Belarus,2020,3.94,68932.0
219,Belarus,2021,3.36,63479.0
220,Belgium,2002,8.28,2348.0
221,Belgium,2003,8.58,1890.0
222,Belgium,2004,8.98,4793.0
223,Belgium,2005,8.27,3028.0
224,Belgium,2006,8.25,6916.0
225,Belgium,2007,7.89,5985.0
226,Belgium,2008,8.76,7214.0
227,Belgium,2009,9.47,5176.0
228,Belgium,2010,8.83,10909.0
229,Belgium,2011,8.4,5016.0
230,Belgium,2012,8.45,5635.0
231,Belgium,2013,8.93,3315.0
232,Belgium,2014,9.41,4239.0
233,Belgium,2015,10.02,3420.0
234,Belgium,2016,6.79,4512.0
235,Belgium,2017,8.62,4137.0
236,Belgium,2018,8.49,4631.0
237,Belgium,2019,9.34,5577.0
238,Belgium,2020,8.95,5409.0
239,Belgium,2021,7.79,9143.0
240,Bhutan,2002,1.13,224.0
241,Bhutan,2003,1.42,544.0
242,Bhutan,2004,1.37,1013.0
243,Bhutan,2005,1.28,770.0
244,Bhutan,2006,1.35,623.0
245,Bhutan,2007,1.29,508.0
246,Bhutan,2008,1.77,775.0
247,Bhutan,2009,1.44,1175.0
248,Bhutan,2010,2.16,4354.0
249,Bhutan,2011,2.67,1091.0
250,Bhutan,2012,2.25,766.0
251,Bhutan,2013,2.34,485.0
252,Bhutan,2014,2.23,1229.0
253,Bhutan,2015,1.9,747.0
254,Bhutan,2016,1.68,1963.0
255,Bhutan,2017,1.82,1972.0
256,Bhutan,2018,1.27,1240.0
257,Bhutan,2019,1.31,820.0
258,Bhutan,2020,1.63,1288.0
259,Bhutan,2021,1.26,1279.0
260,Bolivia,2002,0.88,178808.0
261,Bolivia,2003,0.99,163759.0
262,Bolivia,2004,1.07,203251.0
263,Bolivia,2005,1.07,250748.0
264,Bolivia,2006,1.11,216315.0
265,Bolivia,2007,0.92,189953.0
266,Bolivia,2008,1.29,369851.0
267,Bolivia,2009,1.29,225270.0
268,Bolivia,2010,1.39,451759.0
269,Bolivia,2011,0.97,330239.0
270,Bolivia,2012,0.92,273544.0
271,Bolivia,2013,1.12,179823.0
272,Bolivia,2014,1.07,256901.0
273,Bolivia,2015,1.72,166275.0
274,Bolivia,2016,1.43,470601.0
275,Bolivia,2017,0.88,463194.0
276,Bolivia,2018,1.51,301856.0
277,Bolivia,2019,1.2,852090.0
278,Bolivia,2020,1.52,429780.0
279,Bolivia,2021,1.67,558393.0
280,Bosnia and Herzegovina,2002,3.0,693.0
281,Bosnia and Herzegovina,2003,2.26,308.0
282,Bosnia and Herzegovina,2004,3.67,4122.0
283,Bosnia and Herzegovina,2005,3.06,574.0
284,Bosnia and Herzegovina,2006,3.17,536.0
285,Bosnia and Herzegovina,2007,3.48,2682.0
286,Bosnia and Herzegovina,2008,3.74,1552.0
287,Bosnia and Herzegovina,2009,3.78,1296.0
288,Bosnia and Herzegovina,2010,2.66,911.0
289,Bosnia and Herzegovina,2011,3.6,971.0
290,Bosnia and Herzegovina,2012,3.71,2434.0
291,Bosnia and Herzegovina,2013,3.92,2574.0
292,Bosnia and Herzegovina,2014,2.86,1790.0
293,Bosnia and Herzegovina,2015,3.53,581.0
294,Bosnia and Herzegovina,2016,4.29,2308.0
295,Bosnia and Herzegovina,2017,4.17,1339.0
296,Bosnia and Herzegovina,2018,4.02,2674.0
297,Bosnia and Herzegovina,2019,3.84,1232.0
298,Bosnia and Herzegovina,2020,4.6,1842.0
299,Bosnia and Herzegovina,2021,4.79,1019.0
300,Botswana,2002,1.45,23.0
301,Botswana,2003,1.37,9.0
302,Botswana,2004,1.27,51.0
303,Botswana,2005,1.16,49.0
304,Botswana,2006,1.05,40.0
305,Botswana,2007,0.9,34.0
306,Botswana,2008,0.8,26.0
307,Botswana,2018,1.33,3.0
308,Botswana,2019,0.61,0.0
309,Botswana,2020,1.36,2.0
310,Botswana,2021,1.5,1.0
311,Brazil,2002,1.48,3507049.0
312,Brazil,2003,2.4,3248527.0
313,Brazil,2004,2.07,3848771.0
314,Brazil,2005,1.97,3486563.0
315,Brazil,2006,1.59,2876805.0
316,Brazil,2007,2.22,2621820.0
317,Brazil,2008,2.55,2444308.0
318,Brazil,2009,2.08,1817901.0
319,Brazil,2010,2.83,2688896.0
320,Brazil,2011,2.66,1923364.0
321,Brazil,2012,2.31,2918633.0
322,Brazil,2013,2.75,1945506.0
323,Brazil,2014,2.21,2693134.0
324,Brazil,2015,2.23,2222772.0
325,Brazil,2016,3.16,5378844.0
326,Brazil,2017,2.28,4519833.0
327,Brazil,2018,2.63,2948462.0
328,Brazil,2019,2.66,2696749.0
329,Brazil,2020,2.61,3291392.0
330,Brazil,2021,2.86,2991909.0
331,Bulgaria,2002,3.01,4639.0
332,Bulgaria,2003,2.38,5199.0
333,Bulgaria,2004,3.81,8170.0
334,Bulgaria,2005,3.16,6567.0
335,Bulgaria,2006,3.4,5171.0
336,Bulgaria,2007,2.2,9557.0
337,Bulgaria,2008,4.17,6448.0
338,Bulgaria,2009,3.19,6100.0
339,Bulgaria,2010,3.62,3569.0
340,Bulgaria,2011,3.92,3332.0
341,Bulgaria,2012,3.76,9978.0
342,Bulgaria,2013,4.19,3693.0
343,Bulgaria,2014,4.22,6689.0
344,Bulgaria,2015,4.53,7293.0
345,Bulgaria,2016,4.75,7395.0
346,Bulgaria,2017,5.36,7688.0
347,Bulgaria,2018,4.91,9754.0
348,Bulgaria,2019,5.27,4125.0
349,Bulgaria,2020,4.04,4795.0
350,Bulgaria,2021,6.09,6684.0
351,Burundi,2002,0.83,987.0
352,Burundi,2003,0.79,1325.0
353,Burundi,2004,0.83,614.0
354,Burundi,2005,0.74,985.0
355,Burundi,2006,0.8,344.0
356,Burundi,2007,0.84,1862.0
357,Burundi,2008,0.84,1999.0
358,Burundi,2009,0.86,883.0
359,Burundi,2010,0.73,1905.0
360,Burundi,2011,0.7,961.0
361,Burundi,2012,0.44,871.0
362,Burundi,2013,0.73,1406.0
363,Burundi,2014,0.58,2047.0
364,Burundi,2015,0.68,1458.0
365,Burundi,2016,0.39,1576.0
366,Burundi,2017,0.4,1775.0
367,Burundi,2018,1.41,2875.0
368,Burundi,2019,0.64,2386.0
369,Burundi,2020,0.72,1857.0
370,Burundi,2021,0.72,2272.0
371,Cameroon,2002,1.34,28767.0
372,Cameroon,2003,1.34,25345.0
373,Cameroon,2004,1.34,23003.0
374,Cameroon,2005,1.34,25159.0
375,Cameroon,2006,1.34,35986.0
376,Cameroon,2007,1.34,45916.0
377,Cameroon,2008,1.35,35142.0
378,Cameroon,2009,1.35,36072.0
379,Cameroon,2010,1.38,57992.0
380,Cameroon,2011,1.4,27652.0
381,Cameroon,2012,1.23,51268.0
382,Cameroon,2013,1.29,84612.0
383,Cameroon,2014,1.33,181851.0
384,Cameroon,2015,1.33,78970.0
385,Cameroon,2016,1.33,116619.0
386,Cameroon,2017,1.34,187281.0
387,Cameroon,2018,1.34,120814.0
388,Cameroon,2019,1.34,121801.0
389,Cameroon,2020,1.34,202796.0
390,Cameroon,2021,1.34,168798.0
391,Canada,2002,1.83,2316888.0
392,Canada,2003,2.26,1607283.0
393,Canada,2004,2.64,2706459.0
394,Canada,2005,2.74,2920793.0
395,Canada,2006,2.61,2406191.0
396,Canada,2007,2.33,2117900.0
397,Canada,2008,2.86,1949008.0
398,Canada,2009,2.79,1550372.0
399,Canada,2010,2.81,2104876.0
400,Canada,2011,2.96,2160701.0
401,Canada,2012,2.87,2545494.0
402,Canada,2013,3.6,2807338.0
403,Canada,2014,3.08,2643609.0
404,Canada,2015,2.89,2733439.0
405,Canada,2016,3.58,2084426.0
406,Canada,2017,3.38,2559736.0
407,Canada,2018,3.27,2142937.0
408,Canada,2019,3.38,2175716.0
409,Canada,2020,3.54,1195272.0
410,Canada,2021,2.41,2524986.0
411,Chad,2002,2.0,1958.0
412,Chad,2003,1.44,194.0
413,Chad,2005,1.5,472.0
414,Chad,2006,1.0,2982.0
415,Chad,2007,1.87,1001.0
416,Chad,2008,1.8,3402.0
417,Chad,2009,2.0,1066.0
418,Chad,2010,2.5,255.0
419,Chad,2011,0.49,920.0
420,Chad,2012,2.5,2491.0
421,Chad,2013,2.64,2895.0
422,Chad,2014,1.3,3001.0
423,Chad,2015,1.4,2591.0
424,Chad,2016,2.0,3166.0
425,Chad,2017,1.97,6765.0
426,Chad,2018,2.24,6932.0
427,Chad,2019,1.87,5059.0
428,Chad,2020,1.81,3433.0
429,Chad,2021,1.92,5095.0
430,Chile,2002,4.27,78081.0
431,Chile,2003,4.32,82844.0
432,Chile,2004,4.57,85729.0
433,Chile,2005,4.41,106926.0
434,Chile,2006,4.46,91923.0
435,Chile,2007,4.79,121652.0
436,Chile,2008,4.57,123068.0
437,Chile,2009,4.08,88567.0
438,Chile,2010,5.77,91496.0
439,Chile,2011,5.81,99350.0
440,Chile,2012,4.95,174810.0
441,Chile,2013,5.81,102243.0
442,Chile,2014,5.33,119335.0
443,Chile,2015,5.63,106107.0
444,Chile,2016,6.07,113904.0
445,Chile,2017,6.0,214837.0
446,Chile,2018,6.21,76898.0
447,Chile,2019,6.29,78735.0
448,Chile,2020,6.0,70592.0
449,Chile,2021,5.98,71610.0
450,China,2002,3.78,249147.0
451,China,2003,3.93,261761.0
452,China,2004,4.25,501541.0
453,China,2005,4.28,383588.0
454,China,2006,4.59,575230.0
455,China,2007,4.61,652961.0
456,China,2008,4.76,738029.0
457,China,2009,4.74,599602.0
458,China,2010,4.75,627821.0
459,China,2011,4.84,598586.0
460,China,2012,4.99,605001.0
461,China,2013,5.06,441326.0
462,China,2014,5.24,531642.0
463,China,2015,5.39,490438.0
464,China,2016,5.4,718685.0
465,China,2017,5.48,644239.0
466,China,2018,5.42,569452.0
467,China,2019,5.63,496964.0
468,China,2020,5.74,422213.0
469,China,2021,5.81,536655.0
470,Colombia,2002,1.74,182229.0
471,Colombia,2003,1.95,122417.0
472,Colombia,2004,1.89,253840.0
473,Colombia,2005,2.34,188744.0
474,Colombia,2006,1.55,189964.0
475,Colombia,2007,1.87,269029.0
476,Colombia,2008,1.82,231849.0
477,Colombia,2009,1.69,237891.0
478,Colombia,2010,1.77,197067.0
479,Colombia,2011,1.6,189829.0
480,Colombia,2012,1.52,227707.0
481,Colombia,2013,1.69,138898.0
482,Colombia,2014,1.48,202028.0
483,Colombia,2015,1.85,140856.0
484,Colombia,2016,1.59,290956.0
485,Colombia,2017,2.09,424870.0
486,Colombia,2018,1.89,352434.0
487,Colombia,2019,2.08,268410.0
488,Colombia,2020,2.48,324169.0
489,Colombia,2021,2.68,265168.0
490,Croatia,2002,4.59,2340.0
491,Croatia,2003,3.22,1739.0
492,Croatia,2004,4.93,6727.0
493,Croatia,2005,4.11,2747.0
494,Croatia,2006,4.58,2204.0
495,Croatia,2007,4.64,3237.0
496,Croatia,2008,5.48,3891.0
497,Croatia,2009,5.19,2903.0
498,Croatia,2010,4.04,3499.0
499,Croatia,2011,5.22,2919.0
500,Croatia,2012,5.35,5004.0
501,Croatia,2013,4.88,2998.0
502,Croatia,2014,4.16,4559.0
503,Croatia,2015,5.38,2669.0
504,Croatia,2016,5.65,5373.0
505,Croatia,2017,5.81,5847.0
506,Croatia,2018,5.44,8285.0
507,Croatia,2019,5.61,5978.0
508,Croatia,2020,5.87,6052.0
509,Croatia,2021,6.7,5264.0
510,Cyprus,2002,2.19,32.0
511,Cyprus,2003,1.98,25.0
512,Cyprus,2004,1.33,88.0
513,Cyprus,2005,1.76,35.0
514,Cyprus,2006,1.4,59.0
515,Cyprus,2007,2.03,778.0
516,Cyprus,2008,0.5,95.0
517,Cyprus,2009,2.55,56.0
518,Cyprus,2010,2.41,64.0
519,Cyprus,2011,2.24,119.0
520,Cyprus,2012,2.68,54.0
521,Cyprus,2013,2.19,14.0
522,Cyprus,2014,0.72,33.0
523,Cyprus,2015,2.95,20.0
524,Cyprus,2016,0.82,569.0
525,Cyprus,2017,1.91,437.0
526,Cyprus,2018,1.5,32.0
527,Cyprus,2019,2.78,43.0
528,Cyprus,2020,2.58,33.0
529,Cyprus,2021,2.13,643.0
530,Czechia,2002,4.56,6766.0
531,Czechia,2003,4.07,3925.0
532,Czechia,2004,5.84,13454.0
533,Czechia,2005,5.05,25560.0
534,Czechia,2006,4.49,8607.0
535,Czechia,2007,4.86,21325.0
536,Czechia,2008,5.77,16873.0
537,Czechia,2009,5.24,13514.0
538,Czechia,2010,4.99,15442.0
539,Czechia,2011,5.69,21853.0
540,Czechia,2012,4.32,14006.0
541,Czechia,2013,5.67,7659.0
542,Czechia,2014,6.51,13940.0
543,Czechia,2015,6.36,8047.0
544,Czechia,2016,6.5,22808.0
545,Czechia,2017,5.67,26512.0
546,Czechia,2018,5.39,39206.0
547,Czechia,2019,5.73,73295.0
548,Czechia,2020,6.14,100258.0
549,Czechia,2021,6.32,56293.0
550,Denmark,2002,7.03,1204.0
551,Denmark,2003,7.08,1580.0
552,Denmark,2004,7.14,2414.0
553,Denmark,2005,7.23,9049.0
554,Denmark,2006,7.0,5214.0
555,Denmark,2007,6.56,4381.0
556,Denmark,2008,7.86,6061.0
557,Denmark,2009,8.04,6646.0
558,Denmark,2010,6.63,4428.0
559,Denmark,2011,6.47,3132.0
560,Denmark,2012,7.37,4452.0
561,Denmark,2013,7.3,2015.0
562,Denmark,2014,7.78,5321.0
563,Denmark,2015,7.95,2583.0
564,Denmark,2016,7.21,4656.0
565,Denmark,2017,8.24,4360.0
566,Denmark,2018,6.16,3162.0
567,Denmark,2019,8.1,9180.0
568,Denmark,2020,8.1,3194.0
569,Denmark,2021,7.53,4795.0
570,Ecuador,2002,0.57,29818.0
571,Ecuador,2003,0.8,13836.0
572,Ecuador,2004,0.81,37250.0
573,Ecuador,2005,0.72,40379.0
574,Ecuador,2006,0.78,35603.0
575,Ecuador,2007,0.82,60540.0
576,Ecuador,2008,0.75,51890.0
577,Ecuador,2009,0.86,57646.0
578,Ecuador,2010,0.89,33772.0
579,Ecuador,2011,0.92,43630.0
580,Ecuador,2012,0.8,74206.0
581,Ecuador,2013,0.71,48383.0
582,Ecuador,2014,1.12,30905.0
583,Ecuador,2015,0.72,30078.0
584,Ecuador,2016,1.52,44043.0
585,Ecuador,2017,1.29,71108.0
586,Ecuador,2018,1.71,38709.0
587,Ecuador,2019,1.64,35646.0
588,Ecuador,2020,2.19,48915.0
589,Ecuador,2021,1.81,30273.0
590,Eritrea,2002,0.17,0.0
591,Eritrea,2003,0.2,0.0
592,Eritrea,2004,0.3,0.0
593,Eritrea,2005,1.16,0.0
594,Eritrea,2006,1.16,0.0
595,Eritrea,2007,0.84,0.0
596,Eritrea,2008,0.33,0.0
597,Eritrea,2009,1.07,0.0
598,Eritrea,2010,1.18,0.0
599,Eritrea,2011,1.12,0.0
600,Eritrea,2012,1.27,0.0
601,Eritrea,2013,1.2,0.0
602,Eritrea,2014,1.2,0.0
603,Eritrea,2015,1.0,0.0
604,Eritrea,2016,1.0,0.0
605,Eritrea,2017,1.0,0.0
606,Eritrea,2018,1.0,0.0
607,Eritrea,2019,1.0,0.0
608,Eritrea,2020,1.0,0.0
609,Eritrea,2021,1.0,0.0
610,Estonia,2002,2.3,21918.0
611,Estonia,2003,2.16,5633.0
612,Estonia,2004,2.51,18106.0
613,Estonia,2005,3.08,14818.0
614,Estonia,2006,2.42,21732.0
615,Estonia,2007,3.47,16189.0
616,Estonia,2008,3.18,18297.0
617,Estonia,2009,3.01,18823.0
618,Estonia,2010,2.74,21496.0
619,Estonia,2011,2.81,27199.0
620,Estonia,2012,3.9,17685.0
621,Estonia,2013,3.28,17089.0
622,Estonia,2014,3.99,23577.0
623,Estonia,2015,4.79,25420.0
624,Estonia,2016,2.77,36335.0
625,Estonia,2017,4.2,38857.0
626,Estonia,2018,2.91,40038.0
627,Estonia,2019,5.07,45917.0
628,Estonia,2020,5.0,36805.0
629,Estonia,2021,4.09,34004.0
630,Ethiopia,2002,1.44,13074.0
631,Ethiopia,2003,1.39,13936.0
632,Ethiopia,2004,1.47,13396.0
633,Ethiopia,2005,1.56,15869.0
634,Ethiopia,2006,1.52,12076.0
635,Ethiopia,2007,1.67,25609.0
636,Ethiopia,2008,1.62,24009.0
637,Ethiopia,2009,1.83,29279.0
638,Ethiopia,2010,1.84,20184.0
639,Ethiopia,2011,2.03,15463.0
640,Ethiopia,2012,2.11,41632.0
641,Ethiopia,2013,2.44,30851.0
642,Ethiopia,2014,2.54,32725.0
643,Ethiopia,2015,2.79,10276.0
644,Ethiopia,2016,2.68,19582.0
645,Ethiopia,2017,2.74,35404.0
646,Ethiopia,2018,2.77,18894.0
647,Ethiopia,2019,2.97,25582.0
648,Ethiopia,2020,3.0,17981.0
649,Ethiopia,2021,2.67,19751.0
650,Finland,2002,3.26,142432.0
651,Finland,2003,3.55,89697.0
652,Finland,2004,3.47,146602.0
653,Finland,2005,3.73,230334.0
654,Finland,2006,3.56,182295.0
655,Finland,2007,3.93,151915.0
656,Finland,2008,3.64,200192.0
657,Finland,2009,4.1,176320.0
658,Finland,2010,3.43,167507.0
659,Finland,2011,3.85,159355.0
660,Finland,2012,3.9,160310.0
661,Finland,2013,3.82,148661.0
662,Finland,2014,4.07,186629.0
663,Finland,2015,4.1,172639.0
664,Finland,2016,3.83,240428.0
665,Finland,2017,4.13,336199.0
666,Finland,2018,2.82,269955.0
667,Finland,2019,4.63,289910.0
668,Finland,2020,3.45,254473.0
669,Finland,2021,3.24,266899.0
670,France,2002,7.45,33888.0
671,France,2003,6.25,26393.0
672,France,2004,7.58,76134.0
673,France,2005,6.99,46391.0
674,France,2006,6.74,55049.0
675,France,2007,6.25,49246.0
676,France,2008,7.1,86955.0
677,France,2009,7.45,67054.0
678,France,2010,7.04,143265.0
679,France,2011,6.66,64074.0
680,France,2012,7.15,67303.0
681,France,2013,7.27,30352.0
682,France,2014,7.35,44359.0
683,France,2015,7.8,37293.0
684,France,2016,5.29,60768.0
685,France,2017,7.25,69249.0
686,France,2018,6.77,69201.0
687,France,2019,7.74,81304.0
688,France,2020,6.68,77746.0
689,France,2021,6.93,112886.0
690,Georgia,2002,1.7,536.0
691,Georgia,2003,1.93,292.0
692,Georgia,2004,1.82,1967.0
693,Georgia,2005,1.99,549.0
694,Georgia,2006,1.25,531.0
695,Georgia,2007,1.67,992.0
696,Georgia,2008,1.68,746.0
697,Georgia,2009,1.07,448.0
698,Georgia,2010,1.02,819.0
699,Georgia,2011,2.07,540.0
700,Georgia,2012,1.7,473.0
701,Georgia,2013,1.84,252.0
702,Georgia,2014,1.35,114.0
703,Georgia,2015,2.58,43.0
704,Georgia,2016,2.57,523.0
705,Georgia,2017,2.21,208.0
706,Georgia,2018,2.47,300.0
707,Georgia,2019,2.33,166.0
708,Georgia,2020,2.2,222.0
709,Georgia,2021,2.7,420.0
710,Germany,2002,6.91,15303.0
711,Germany,2003,6.5,6449.0
712,Germany,2004,8.17,44940.0
713,Germany,2005,7.47,39739.0
714,Germany,2006,7.2,42653.0
715,Germany,2007,6.96,93224.0
716,Germany,2008,8.09,61696.0
717,Germany,2009,7.81,28762.0
718,Germany,2010,7.21,75678.0
719,Germany,2011,7.01,34272.0
720,Germany,2012,7.33,26007.0
721,Germany,2013,8.0,15499.0
722,Germany,2014,8.63,21169.0
723,Germany,2015,8.09,12929.0
724,Germany,2016,7.64,26877.0
725,Germany,2017,7.64,33000.0
726,Germany,2018,6.67,52237.0
727,Germany,2019,7.4,108233.0
728,Germany,2020,7.82,186940.0
729,Germany,2021,7.3,202278.0
730,Greece,2002,2.34,5126.0
731,Greece,2003,2.01,2563.0
732,Greece,2004,2.48,6814.0
733,Greece,2005,2.41,4181.0
734,Greece,2006,2.29,7346.0
735,Greece,2007,2.24,46062.0
736,Greece,2008,2.78,21197.0
737,Greece,2009,2.74,6564.0
738,Greece,2010,2.6,7785.0
739,Greece,2011,2.7,6199.0
740,Greece,2012,2.66,13242.0
741,Greece,2013,2.78,5907.0
742,Greece,2014,2.75,3803.0
743,Greece,2015,2.9,3840.0
744,Greece,2016,2.89,6034.0
745,Greece,2017,2.93,8907.0
746,Greece,2018,2.65,7122.0
747,Greece,2019,2.79,7604.0
748,Greece,2020,3.08,5427.0
749,Greece,2021,2.91,49039.0
750,Guatemala,2002,1.91,55601.0
751,Guatemala,2003,2.02,98174.0
752,Guatemala,2004,2.02,56449.0
753,Guatemala,2005,2.13,100829.0
754,Guatemala,2006,2.27,52558.0
755,Guatemala,2007,2.22,126557.0
756,Guatemala,2008,2.4,77173.0
757,Guatemala,2009,2.21,86944.0
758,Guatemala,2010,2.06,59668.0
759,Guatemala,2011,2.05,40587.0
760,Guatemala,2012,2.17,84044.0
761,Guatemala,2013,2.02,55149.0
762,Guatemala,2014,2.18,61831.0
763,Guatemala,2015,2.13,54147.0
764,Guatemala,2016,2.13,178397.0
765,Guatemala,2017,2.13,79732.0
766,Guatemala,2018,2.11,71161.0
767,Guatemala,2019,2.14,90198.0
768,Guatemala,2020,2.15,98556.0
769,Guatemala,2021,2.14,49896.0
770,Honduras,2002,0.53,31528.0
771,Honduras,2003,0.5,33625.0
772,Honduras,2004,0.53,26455.0
773,Honduras,2005,0.53,40472.0
774,Honduras,2006,0.54,41631.0
775,Honduras,2007,0.54,42412.0
776,Honduras,2008,0.54,43299.0
777,Honduras,2009,0.57,51514.0
778,Honduras,2010,0.55,46085.0
779,Honduras,2011,0.54,52572.0
780,Honduras,2012,0.55,32305.0
781,Honduras,2013,0.55,43632.0
782,Honduras,2014,0.54,57482.0
783,Honduras,2015,0.54,50242.0
784,Honduras,2016,0.54,188443.0
785,Honduras,2017,0.54,113474.0
786,Honduras,2018,0.54,76254.0
787,Honduras,2019,0.54,81416.0
788,Honduras,2020,0.53,93649.0
789,Honduras,2021,0.54,69498.0
790,Hungary,2002,3.52,7711.0
791,Hungary,2003,2.64,5733.0
792,Hungary,2004,5.12,12009.0
793,Hungary,2005,4.5,10398.0
794,Hungary,2006,4.07,7990.0
795,Hungary,2007,3.59,9361.0
796,Hungary,2008,5.0,8912.0
797,Hungary,2009,3.85,10072.0
798,Hungary,2010,3.7,11255.0
799,Hungary,2011,4.2,8225.0
800,Hungary,2012,3.75,11922.0
801,Hungary,2013,4.64,8952.0
802,Hungary,2014,4.73,15140.0
803,Hungary,2015,5.18,10720.0
804,Hungary,2016,5.37,14021.0
805,Hungary,2017,5.43,14109.0
806,Hungary,2018,5.12,13799.0
807,Hungary,2019,5.29,14398.0
808,Hungary,2020,5.47,12014.0
809,Hungary,2021,5.93,13753.0
810,India,2002,2.76,53005.0
811,India,2003,2.61,47751.0
812,India,2004,2.71,74129.0
813,India,2005,2.6,62505.0
814,India,2006,2.62,67411.0
815,India,2007,2.71,73907.0
816,India,2008,2.8,85953.0
817,India,2009,2.91,79203.0
818,India,2010,2.84,51317.0
819,India,2011,2.99,88460.0
820,India,2012,3.18,95069.0
821,India,2013,3.15,80866.0
822,India,2014,3.15,139138.0
823,India,2015,2.75,116308.0
824,India,2016,3.03,175362.0
825,India,2017,3.2,189421.0
826,India,2018,3.37,132233.0
827,India,2019,3.53,121154.0
828,India,2020,3.44,137716.0
829,India,2021,3.47,132748.0
830,Iraq,2002,1.57,11.0
831,Iraq,2003,1.36,20.0
832,Iraq,2004,1.19,4.0
833,Iraq,2005,0.87,5.0
834,Iraq,2006,1.38,6.0
835,Iraq,2007,1.4,10.0
836,Iraq,2008,1.37,18.0
837,Iraq,2009,1.88,16.0
838,Iraq,2010,1.99,13.0
839,Iraq,2011,1.96,3.0
840,Iraq,2012,2.42,9.0
841,Iraq,2013,2.31,3.0
842,Iraq,2014,2.4,1.0
843,Iraq,2015,2.86,0.0
844,Iraq,2016,3.32,0.0
845,Iraq,2017,2.84,1.0
846,Iraq,2018,2.78,0.0
847,Iraq,2019,2.81,0.0
848,Iraq,2020,2.94,0.0
849,Iraq,2021,2.66,0.0
850,Ireland,2002,8.44,5298.0
851,Ireland,2003,8.3,2263.0
852,Ireland,2004,9.92,6866.0
853,Ireland,2005,8.43,8094.0
854,Ireland,2006,9.15,5248.0
855,Ireland,2007,8.46,11682.0
856,Ireland,2008,8.97,6924.0
857,Ireland,2009,8.17,7231.0
858,Ireland,2010,8.6,3855.0
859,Ireland,2011,9.86,3109.0
860,Ireland,2012,7.22,5826.0
861,Ireland,2013,9.0,4773.0
862,Ireland,2014,10.01,5718.0
863,Ireland,2015,10.67,4484.0
864,Ireland,2016,9.54,9388.0
865,Ireland,2017,10.17,6129.0
866,Ireland,2018,8.37,8380.0
867,Ireland,2019,9.38,10370.0
868,Ireland,2020,7.77,6207.0
869,Ireland,2021,10.08,8780.0
870,Israel,2002,2.12,112.0
871,Israel,2003,2.53,30.0
872,Israel,2004,2.19,68.0
873,Israel,2005,2.35,137.0
874,Israel,2006,1.55,132.0
875,Israel,2007,1.85,48.0
876,Israel,2008,1.15,65.0
877,Israel,2009,2.06,93.0
878,Israel,2010,1.75,89.0
879,Israel,2011,2.34,1065.0
880,Israel,2012,3.27,49.0
881,Israel,2013,2.78,46.0
882,Israel,2014,2.27,122.0
883,Israel,2015,3.41,51.0
884,Israel,2016,3.84,65.0
885,Israel,2017,1.61,100.0
886,Israel,2018,1.33,40.0
887,Israel,2019,2.05,54.0
888,Israel,2020,2.3,46.0
889,Israel,2021,2.33,29.0
890,Italy,2002,3.12,10931.0
891,Italy,2003,2.75,3613.0
892,Italy,2004,3.67,17225.0
893,Italy,2005,3.64,10896.0
894,Italy,2006,3.73,8902.0
895,Italy,2007,3.41,11590.0
896,Italy,2008,3.87,15154.0
897,Italy,2009,3.59,14793.0
898,Italy,2010,3.74,15806.0
899,Italy,2011,3.83,11451.0
900,Italy,2012,4.13,21489.0
901,Italy,2013,3.84,15525.0
902,Italy,2014,3.81,19833.0
903,Italy,2015,3.93,14124.0
904,Italy,2016,4.2,24722.0
905,Italy,2017,3.86,34095.0
906,Italy,2018,3.9,38844.0
907,Italy,2019,3.84,59705.0
908,Italy,2020,3.92,28246.0
909,Italy,2021,4.22,28264.0
910,Japan,2002,4.0,26145.0
911,Japan,2003,4.03,19744.0
912,Japan,2004,4.05,37308.0
913,Japan,2005,4.1,36374.0
914,Japan,2006,3.84,38958.0
915,Japan,2007,4.34,45581.0
916,Japan,2008,4.22,40831.0
917,Japan,2009,3.24,40890.0
918,Japan,2010,2.76,35739.0
919,Japan,2011,3.53,35949.0
920,Japan,2012,4.1,45667.0
921,Japan,2013,3.86,23231.0
922,Japan,2014,4.01,28173.0
923,Japan,2015,4.71,31142.0
924,Japan,2016,3.69,54988.0
925,Japan,2017,4.27,47604.0
926,Japan,2018,3.61,50502.0
927,Japan,2019,4.9,51375.0
928,Japan,2020,4.47,48053.0
929,Japan,2021,4.99,48452.0
930,Jordan,2002,1.34,0.0
931,Jordan,2003,1.43,0.0
932,Jordan,2004,1.23,2.0
933,Jordan,2005,1.17,0.0
934,Jordan,2006,0.85,1.0
935,Jordan,2007,1.01,0.0
936,Jordan,2008,0.63,0.0
937,Jordan,2009,0.79,0.0
938,Jordan,2010,1.03,0.0
939,Jordan,2011,1.38,0.0
940,Jordan,2012,1.24,0.0
941,Jordan,2013,1.33,0.0
942,Jordan,2014,1.19,1.0
943,Jordan,2015,0.99,0.0
944,Jordan,2016,1.29,0.0
945,Jordan,2017,1.48,1.0
946,Jordan,2018,1.5,0.0
947,Jordan,2019,2.39,1.0
948,Jordan,2020,2.24,0.0
949,Jordan,2021,1.92,0.0
950,Kazakhstan,2002,1.09,2952.0
951,Kazakhstan,2003,1.02,3352.0
952,Kazakhstan,2004,0.84,5513.0
953,Kazakhstan,2005,0.95,3167.0
954,Kazakhstan,2006,1.13,3142.0
955,Kazakhstan,2007,1.3,4605.0
956,Kazakhstan,2008,0.97,4549.0
957,Kazakhstan,2009,1.19,6433.0
958,Kazakhstan,2010,0.73,3109.0
959,Kazakhstan,2011,1.66,4852.0
960,Kazakhstan,2012,0.79,3742.0
961,Kazakhstan,2013,1.08,2864.0
962,Kazakhstan,2014,1.09,596.0
963,Kazakhstan,2015,1.19,181.0
964,Kazakhstan,2016,1.21,1289.0
965,Kazakhstan,2017,1.24,975.0
966,Kazakhstan,2018,1.23,1139.0
967,Kazakhstan,2019,1.01,1282.0
968,Kazakhstan,2020,1.18,1853.0
969,Kazakhstan,2021,0.93,718.0
970,Kenya,2002,2.12,20288.0
971,Kenya,2003,2.51,13553.0
972,Kenya,2004,2.48,16988.0
973,Kenya,2005,2.31,12745.0
974,Kenya,2006,2.19,20656.0
975,Kenya,2007,3.09,26103.0
976,Kenya,2008,2.58,19224.0
977,Kenya,2009,1.67,17696.0
978,Kenya,2010,3.2,22693.0
979,Kenya,2011,2.04,17300.0
980,Kenya,2012,2.97,17899.0
981,Kenya,2013,2.76,13564.0
982,Kenya,2014,1.55,15357.0
983,Kenya,2015,1.98,15616.0
984,Kenya,2016,1.4,19048.0
985,Kenya,2017,1.26,22163.0
986,Kenya,2018,2.53,15908.0
987,Kenya,2019,2.63,15950.0
988,Kenya,2020,3.06,19045.0
989,Kenya,2021,1.83,7564.0
990,Kuwait,2002,2.39,0.0
991,Kuwait,2003,2.39,0.0
992,Kuwait,2004,2.38,0.0
993,Kuwait,2005,4.8,0.0
994,Kuwait,2006,4.72,0.0
995,Kuwait,2007,2.39,0.0
996,Kuwait,2008,2.34,0.0
997,Kuwait,2009,2.33,0.0
998,Kuwait,2010,2.35,0.0
999,Kuwait,2011,4.13,0.0
1000,Kuwait,2012,4.14,0.0
1001,Kuwait,2013,4.11,0.0
1002,Kuwait,2014,4.31,0.0
1003,Kuwait,2015,3.75,0.0
1004,Kuwait,2016,3.0,0.0
1005,Kuwait,2017,3.14,0.0
1006,Kuwait,2018,3.0,0.0
1007,Kuwait,2019,10.36,0.0
1008,Kuwait,2020,7.16,0.0
1009,Kuwait,2021,4.83,0.0
1010,Latvia,2002,3.38,29176.0
1011,Latvia,2003,2.79,21321.0
1012,Latvia,2004,2.94,30639.0
1013,Latvia,2005,3.61,40712.0
1014,Latvia,2006,2.78,38894.0
1015,Latvia,2007,3.59,36129.0
1016,Latvia,2008,3.86,29308.0
1017,Latvia,2009,3.63,34916.0
1018,Latvia,2010,3.28,48507.0
1019,Latvia,2011,3.06,44738.0
1020,Latvia,2012,4.37,34285.0
1021,Latvia,2013,3.89,27766.0
1022,Latvia,2014,3.75,32203.0
1023,Latvia,2015,5.03,30830.0
1024,Latvia,2016,4.3,44945.0
1025,Latvia,2017,4.79,47085.0
1026,Latvia,2018,3.43,46923.0
1027,Latvia,2019,4.81,57403.0
1028,Latvia,2020,5.34,50463.0
1029,Latvia,2021,4.48,48422.0
1030,Lebanon,2002,2.74,81.0
1031,Lebanon,2003,2.54,84.0
1032,Lebanon,2004,2.93,109.0
1033,Lebanon,2005,2.9,300.0
1034,Lebanon,2006,2.9,149.0
1035,Lebanon,2007,2.2,273.0
1036,Lebanon,2008,2.88,394.0
1037,Lebanon,2009,2.8,340.0
1038,Lebanon,2010,2.78,115.0
1039,Lebanon,2011,2.97,139.0
1040,Lebanon,2012,3.12,170.0
1041,Lebanon,2013,3.26,160.0
1042,Lebanon,2014,3.8,160.0
1043,Lebanon,2015,3.48,174.0
1044,Lebanon,2016,3.15,266.0
1045,Lebanon,2017,3.02,288.0
1046,Lebanon,2018,3.25,256.0
1047,Lebanon,2019,3.41,390.0
1048,Lebanon,2020,2.44,473.0
1049,Lebanon,2021,2.22,673.0
1050,Lesotho,2002,0.72,3.0
1051,Lesotho,2003,0.59,2.0
1052,Lesotho,2004,0.64,4.0
1053,Lesotho,2005,0.72,2.0
1054,Lesotho,2006,0.27,2.0
1055,Lesotho,2007,0.43,3.0
1056,Lesotho,2008,0.24,6.0
1057,Lesotho,2009,0.35,4.0
1058,Lesotho,2010,1.47,4.0
1059,Lesotho,2011,1.0,3.0
1060,Lesotho,2012,0.86,3.0
1061,Lesotho,2013,1.23,7.0
1062,Lesotho,2014,0.91,12.0
1063,Lesotho,2015,0.85,1.0
1064,Lesotho,2016,0.59,15.0
1065,Lesotho,2017,1.29,8.0
1066,Lesotho,2018,0.94,8.0
1067,Lesotho,2019,0.62,10.0
1068,Lesotho,2020,0.7,16.0
1069,Lesotho,2021,0.82,17.0
1070,Libya,2002,0.78,40.0
1071,Libya,2003,0.76,25.0
1072,Libya,2004,0.77,10.0
1073,Libya,2005,0.76,22.0
1074,Libya,2006,0.79,16.0
1075,Libya,2007,0.79,4.0
1076,Libya,2008,0.79,6.0
1077,Libya,2009,0.79,6.0
1078,Libya,2010,0.78,9.0
1079,Libya,2011,0.77,9.0
1080,Libya,2012,0.79,5.0
1081,Libya,2013,0.78,81.0
1082,Libya,2014,0.77,4.0
1083,Libya,2015,0.77,0.0
1084,Libya,2016,0.76,1.0
1085,Libya,2017,0.75,10.0
1086,Libya,2018,0.76,3.0
1087,Libya,2019,0.77,2.0
1088,Libya,2020,0.77,1.0
1089,Libya,2021,0.77,1.0
1090,Lithuania,2002,3.63,10345.0
1091,Lithuania,2003,3.58,8916.0
1092,Lithuania,2004,4.03,13101.0
1093,Lithuania,2005,3.73,20385.0
1094,Lithuania,2006,2.36,17450.0
1095,Lithuania,2007,3.92,16037.0
1096,Lithuania,2008,4.27,15203.0
1097,Lithuania,2009,4.2,14408.0
1098,Lithuania,2010,3.3,21667.0
1099,Lithuania,2011,3.39,21735.0
1100,Lithuania,2012,4.78,17603.0
1101,Lithuania,2013,4.3,13923.0
1102,Lithuania,2014,4.56,15972.0
1103,Lithuania,2015,5.24,15794.0
1104,Lithuania,2016,4.37,25532.0
1105,Lithuania,2017,4.82,25804.0
1106,Lithuania,2018,3.67,19750.0
1107,Lithuania,2019,4.29,24565.0
1108,Lithuania,2020,5.39,22970.0
1109,Lithuania,2021,4.5,22634.0
1110,Luxembourg,2002,5.97,90.0
1111,Luxembourg,2003,6.14,103.0
1112,Luxembourg,2004,6.82,311.0
1113,Luxembourg,2005,6.02,68.0
1114,Luxembourg,2006,5.97,366.0
1115,Luxembourg,2007,5.6,502.0
1116,Luxembourg,2008,6.66,984.0
1117,Luxembourg,2009,6.57,216.0
1118,Luxembourg,2010,5.96,880.0
1119,Luxembourg,2011,5.53,448.0
1120,Luxembourg,2012,5.87,444.0
1121,Luxembourg,2013,6.37,348.0
1122,Luxembourg,2014,6.15,430.0
1123,Luxembourg,2015,6.28,327.0
1124,Luxembourg,2016,5.07,521.0
1125,Luxembourg,2017,5.48,413.0
1126,Luxembourg,2018,6.19,458.0
1127,Luxembourg,2019,6.16,509.0
1128,Luxembourg,2020,6.07,655.0
1129,Luxembourg,2021,5.92,1055.0
1130,Madagascar,2002,2.35,89318.0
1131,Madagascar,2003,2.35,84248.0
1132,Madagascar,2004,2.34,81845.0
1133,Madagascar,2005,2.34,93628.0
1134,Madagascar,2006,2.33,71034.0
1135,Madagascar,2007,2.44,188580.0
1136,Madagascar,2008,2.38,123502.0
1137,Madagascar,2009,2.38,136537.0
1138,Madagascar,2010,2.39,107219.0
1139,Madagascar,2011,2.39,162323.0
1140,Madagascar,2012,2.4,128468.0
1141,Madagascar,2013,2.4,299350.0
1142,Madagascar,2014,2.4,416682.0
1143,Madagascar,2015,2.39,301789.0
1144,Madagascar,2016,2.4,383656.0
1145,Madagascar,2017,2.4,510357.0
1146,Madagascar,2018,2.4,366620.0
1147,Madagascar,2019,2.4,254243.0
1148,Madagascar,2020,2.4,241112.0
1149,Madagascar,2021,2.4,234880.0
1150,Malawi,2002,0.56,4190.0
1151,Malawi,2003,0.75,7113.0
1152,Malawi,2004,0.75,5712.0
1153,Malawi,2005,0.87,9445.0
1154,Malawi,2006,1.21,5563.0
1155,Malawi,2007,2.3,7494.0
1156,Malawi,2008,1.61,9724.0
1157,Malawi,2009,1.5,4030.0
1158,Malawi,2010,1.51,3982.0
1159,Malawi,2011,1.52,8216.0
1160,Malawi,2012,1.51,12173.0
1161,Malawi,2013,1.41,10562.0
1162,Malawi,2014,1.23,18587.0
1163,Malawi,2015,1.28,10785.0
1164,Malawi,2016,1.11,13509.0
1165,Malawi,2017,1.23,15308.0
1166,Malawi,2018,1.23,15487.0
1167,Malawi,2019,0.79,12134.0
1168,Malawi,2020,1.26,16068.0
1169,Malawi,2021,1.0,16564.0
1170,Mali,2002,2.57,175.0
1171,Mali,2003,2.45,34.0
1172,Mali,2004,2.53,153.0
1173,Mali,2005,2.2,83.0
1174,Mali,2006,2.4,104.0
1175,Mali,2007,2.5,125.0
1176,Mali,2008,2.44,106.0
1177,Mali,2009,2.97,158.0
1178,Mali,2010,2.55,54.0
1179,Mali,2011,3.44,166.0
1180,Mali,2012,4.03,79.0
1181,Mali,2013,3.98,410.0
1182,Mali,2014,4.44,270.0
1183,Mali,2015,3.94,204.0
1184,Mali,2016,8.93,205.0
1185,Mali,2017,6.23,332.0
1186,Mali,2018,3.54,299.0
1187,Mali,2019,1.93,211.0
1188,Mali,2020,5.3,149.0
1189,Mali,2021,3.0,130.0
1190,Malta,2002,5.0,2.0
1191,Malta,2003,4.0,0.0
1192,Malta,2004,4.1,3.0
1193,Malta,2005,4.16,0.0
1194,Malta,2006,4.04,1.0
1195,Malta,2007,4.29,1.0
1196,Malta,2008,4.83,1.0
1197,Malta,2009,4.93,2.0
1198,Malta,2010,4.8,1.0
1199,Malta,2011,4.77,1.0
1200,Malta,2012,4.74,0.0
1201,Malta,2013,4.78,0.0
1202,Malta,2014,4.88,0.0
1203,Malta,2015,4.99,0.0
1204,Malta,2016,4.98,0.0
1205,Malta,2017,5.03,0.0
1206,Mauritania,2002,1.67,0.0
1207,Mauritania,2003,1.67,1.0
1208,Mauritania,2004,2.49,0.0
1209,Mauritania,2005,2.0,0.0
1210,Mauritania,2006,2.1,0.0
1211,Mauritania,2007,2.0,0.0
1212,Mauritania,2008,2.0,0.0
1213,Mauritania,2009,1.98,0.0
1214,Mauritania,2010,2.08,0.0
1215,Mauritania,2011,1.6,0.0
1216,Mauritania,2012,2.13,0.0
1217,Mauritania,2013,2.12,0.0
1218,Mauritania,2014,2.02,0.0
1219,Mauritania,2015,2.01,0.0
1220,Mauritania,2016,2.15,0.0
1221,Mauritania,2017,2.13,0.0
1222,Mauritania,2018,2.14,0.0
1223,Mauritania,2019,2.11,0.0
1224,Mauritania,2020,2.12,0.0
1225,Mauritania,2021,2.12,0.0
1226,Mexico,2002,5.1,158834.0
1227,Mexico,2003,4.49,152559.0
1228,Mexico,2004,4.49,169841.0
1229,Mexico,2005,4.75,206856.0
1230,Mexico,2006,5.23,179044.0
1231,Mexico,2007,5.08,218601.0
1232,Mexico,2008,5.01,184377.0
1233,Mexico,2009,4.97,281232.0
1234,Mexico,2010,5.42,166729.0
1235,Mexico,2011,5.48,186771.0
1236,Mexico,2012,5.66,174753.0
1237,Mexico,2013,5.29,219048.0
1238,Mexico,2014,5.19,170750.0
1239,Mexico,2015,4.53,197651.0
1240,Mexico,2016,5.34,274183.0
1241,Mexico,2017,5.3,298788.0
1242,Mexico,2018,5.44,267151.0
1243,Mexico,2019,5.53,327438.0
1244,Mexico,2020,5.32,299526.0
1245,Mexico,2021,5.99,189079.0
1246,Moldova,2002,2.51,230.0
1247,Moldova,2003,2.53,101.0
1248,Moldova,2004,2.74,264.0
1249,Moldova,2005,2.6,110.0
1250,Moldova,2006,2.32,173.0
1251,Moldova,2007,1.29,236.0
1252,Moldova,2008,3.12,135.0
1253,Moldova,2009,2.1,188.0
1254,Moldova,2010,2.29,177.0
1255,Moldova,2011,2.64,187.0
1256,Moldova,2012,1.58,1772.0
1257,Moldova,2013,2.76,167.0
1258,Moldova,2014,3.17,363.0
1259,Moldova,2015,2.67,496.0
1260,Moldova,2016,3.49,833.0
1261,Moldova,2017,3.73,1092.0
1262,Moldova,2018,3.13,862.0
1263,Moldova,2019,3.26,817.0
1264,Moldova,2020,1.9,1414.0
1265,Moldova,2021,4.58,1131.0
1266,Mongolia,2002,0.59,18728.0
1267,Mongolia,2003,0.79,38434.0
1268,Mongolia,2004,0.81,53303.0
1269,Mongolia,2005,0.48,7467.0
1270,Mongolia,2006,1.08,13249.0
1271,Mongolia,2007,0.94,48082.0
1272,Mongolia,2008,1.4,56001.0
1273,Mongolia,2009,1.56,81793.0
1274,Mongolia,2010,1.38,8764.0
1275,Mongolia,2011,1.5,3551.0
1276,Mongolia,2012,1.56,34640.0
1277,Mongolia,2013,1.34,629.0
1278,Mongolia,2014,1.7,523.0
1279,Mongolia,2015,0.57,7145.0
1280,Mongolia,2016,1.32,4142.0
1281,Mongolia,2017,0.85,25238.0
1282,Mongolia,2018,1.42,9225.0
1283,Mongolia,2019,1.28,2815.0
1284,Mongolia,2020,1.24,465.0
1285,Mongolia,2021,1.44,187.0
1286,Montenegro,2006,3.09,176.0
1287,Montenegro,2007,2.4,1051.0
1288,Montenegro,2008,3.5,1429.0
1289,Montenegro,2009,3.6,565.0
1290,Montenegro,2010,3.4,211.0
1291,Montenegro,2011,3.2,494.0
1292,Montenegro,2012,2.8,1259.0
1293,Montenegro,2013,3.44,2401.0
1294,Montenegro,2014,2.92,1438.0
1295,Montenegro,2015,2.87,181.0
1296,Montenegro,2016,3.15,1120.0
1297,Montenegro,2017,3.21,1269.0
1298,Montenegro,2018,3.21,1652.0
1299,Montenegro,2019,2.79,647.0
1300,Montenegro,2020,3.05,983.0
1301,Montenegro,2021,3.09,508.0
1302,Morocco,2002,1.28,3924.0
1303,Morocco,2003,1.72,2043.0
1304,Morocco,2004,1.81,1441.0
1305,Morocco,2005,1.03,1526.0
1306,Morocco,2006,2.04,2222.0
1307,Morocco,2007,0.62,2513.0
1308,Morocco,2008,1.32,3409.0
1309,Morocco,2009,2.14,1197.0
1310,Morocco,2010,1.71,988.0
1311,Morocco,2011,1.95,3392.0
1312,Morocco,2012,1.23,1690.0
1313,Morocco,2013,2.16,836.0
1314,Morocco,2014,1.71,1682.0
1315,Morocco,2015,2.47,952.0
1316,Morocco,2016,1.13,2041.0
1317,Morocco,2017,2.1,2367.0
1318,Morocco,2018,2.58,2078.0
1319,Morocco,2019,1.61,1250.0
1320,Morocco,2020,0.9,3621.0
1321,Morocco,2021,2.63,1538.0
1322,Mozambique,2002,1.04,106658.0
1323,Mozambique,2003,1.19,79644.0
1324,Mozambique,2004,1.09,107726.0
1325,Mozambique,2005,1.11,150558.0
1326,Mozambique,2006,1.24,172224.0
1327,Mozambique,2007,1.18,138493.0
1328,Mozambique,2008,1.25,204760.0
1329,Mozambique,2009,1.25,217493.0
1330,Mozambique,2010,1.34,194545.0
1331,Mozambique,2011,1.7,150242.0
1332,Mozambique,2012,1.0,139946.0
1333,Mozambique,2013,1.1,162656.0
1334,Mozambique,2014,1.09,200501.0
1335,Mozambique,2015,1.08,181387.0
1336,Mozambique,2016,1.09,250553.0
1337,Mozambique,2017,1.1,359011.0
1338,Mozambique,2018,1.14,172398.0
1339,Mozambique,2019,1.12,235658.0
1340,Mozambique,2020,1.15,232509.0
1341,Mozambique,2021,1.15,278039.0
1342,Myanmar,2002,1.27,66120.0
1343,Myanmar,2003,1.29,77224.0
1344,Myanmar,2004,1.39,102186.0
1345,Myanmar,2005,1.39,91847.0
1346,Myanmar,2006,1.53,127464.0
1347,Myanmar,2007,1.58,146598.0
1348,Myanmar,2008,1.71,119216.0
1349,Myanmar,2009,1.73,216306.0
1350,Myanmar,2010,1.78,169913.0
1351,Myanmar,2011,1.78,135716.0
1352,Myanmar,2012,1.78,225189.0
1353,Myanmar,2013,1.81,248186.0
1354,Myanmar,2014,1.85,331445.0
1355,Myanmar,2015,1.86,293305.0
1356,Myanmar,2016,1.19,362552.0
1357,Myanmar,2017,1.88,341845.0
1358,Myanmar,2018,1.87,278709.0
1359,Myanmar,2019,1.88,309418.0
1360,Myanmar,2020,1.86,310005.0
1361,Myanmar,2021,1.43,304152.0
1362,Namibia,2002,6.37,108.0
1363,Namibia,2003,6.25,209.0
1364,Namibia,2004,4.16,61.0
1365,Namibia,2005,4.53,64.0
1366,Namibia,2006,5.93,17.0
1367,Namibia,2007,5.13,80.0
1368,Namibia,2008,6.14,34.0
1369,Namibia,2009,6.72,85.0
1370,Namibia,2010,6.09,27.0
1371,Namibia,2011,6.12,71.0
1372,Namibia,2012,6.17,26.0
1373,Namibia,2013,6.22,2.0
1374,Namibia,2014,6.67,4.0
1375,Namibia,2015,5.64,0.0
1376,Namibia,2016,4.73,1.0
1377,Namibia,2017,5.31,2.0
1378,Namibia,2018,5.31,8.0
1379,Namibia,2019,5.65,2.0
1380,Namibia,2020,6.0,1.0
1381,Namibia,2021,6.06,4.0
1382,Nepal,2002,1.89,2129.0
1383,Nepal,2003,2.01,2292.0
1384,Nepal,2004,2.09,2480.0
1385,Nepal,2005,2.13,2758.0
1386,Nepal,2006,2.07,3255.0
1387,Nepal,2007,2.16,3466.0
1388,Nepal,2008,2.23,2992.0
1389,Nepal,2009,1.93,5524.0
1390,Nepal,2010,2.13,2348.0
1391,Nepal,2011,2.27,2816.0
1392,Nepal,2012,2.41,5045.0
1393,Nepal,2013,2.29,835.0
1394,Nepal,2014,2.5,1162.0
1395,Nepal,2015,2.59,579.0
1396,Nepal,2016,2.33,999.0
1397,Nepal,2017,2.55,2394.0
1398,Nepal,2018,2.76,1672.0
1399,Nepal,2019,2.85,2087.0
1400,Nepal,2020,3.09,2233.0
1401,Nepal,2021,2.99,2753.0
1402,Netherlands,2002,7.81,825.0
1403,Netherlands,2003,8.74,310.0
1404,Netherlands,2004,8.91,1297.0
1405,Netherlands,2005,8.59,1472.0
1406,Netherlands,2006,8.39,1482.0
1407,Netherlands,2007,7.27,1646.0
1408,Netherlands,2008,8.73,1151.0
1409,Netherlands,2009,9.29,1559.0
1410,Netherlands,2010,8.91,3403.0
1411,Netherlands,2011,7.78,1155.0
1412,Netherlands,2012,8.59,947.0
1413,Netherlands,2013,8.74,514.0
1414,Netherlands,2014,9.17,875.0
1415,Netherlands,2015,9.13,894.0
1416,Netherlands,2016,7.98,1407.0
1417,Netherlands,2017,9.09,1333.0
1418,Netherlands,2018,8.61,1271.0
1419,Netherlands,2019,9.38,2481.0
1420,Netherlands,2020,8.56,1922.0
1421,Netherlands,2021,8.02,2457.0
1422,New Zealand,2002,7.15,63228.0
1423,New Zealand,2003,7.49,44798.0
1424,New Zealand,2004,6.55,60681.0
1425,New Zealand,2005,8.09,52519.0
1426,New Zealand,2006,6.9,61672.0
1427,New Zealand,2007,8.5,62643.0
1428,New Zealand,2008,8.11,61372.0
1429,New Zealand,2009,7.49,59613.0
1430,New Zealand,2010,8.12,56122.0
1431,New Zealand,2011,7.29,59943.0
1432,New Zealand,2012,8.92,69499.0
1433,New Zealand,2013,9.11,77542.0
1434,New Zealand,2014,8.63,79410.0
1435,New Zealand,2015,8.67,64003.0
1436,New Zealand,2016,9.2,80359.0
1437,New Zealand,2017,9.86,74884.0
1438,New Zealand,2018,8.96,79228.0
1439,New Zealand,2019,8.85,71431.0
1440,New Zealand,2020,9.93,60925.0
1441,New Zealand,2021,9.71,66243.0
1442,Niger,2002,1.06,1.0
1443,Niger,2003,1.71,0.0
1444,Niger,2004,1.72,0.0
1445,Niger,2005,1.74,0.0
1446,Niger,2006,1.5,0.0
1447,Niger,2007,1.49,0.0
1448,Niger,2008,1.83,0.0
1449,Niger,2009,1.89,0.0
1450,Niger,2010,1.99,0.0
1451,Niger,2011,1.98,0.0
1452,Niger,2012,1.65,0.0
1453,Niger,2013,3.01,0.0
1454,Niger,2014,2.51,0.0
1455,Niger,2015,2.07,0.0
1456,Niger,2016,2.01,0.0
1457,Niger,2017,2.75,0.0
1458,Niger,2018,2.96,0.0
1459,Niger,2019,2.84,0.0
1460,Niger,2020,2.59,0.0
1461,Niger,2021,2.61,0.0
1462,Nigeria,2002,0.98,32347.0
1463,Nigeria,2003,1.04,13381.0
1464,Nigeria,2004,1.07,14644.0
1465,Nigeria,2005,1.1,13280.0
1466,Nigeria,2006,1.13,26168.0
1467,Nigeria,2007,1.69,24573.0
1468,Nigeria,2008,1.66,27471.0
1469,Nigeria,2009,1.67,25290.0
1470,Nigeria,2010,1.48,32782.0
1471,Nigeria,2011,1.28,53891.0
1472,Nigeria,2012,1.02,34971.0
1473,Nigeria,2013,1.0,43435.0
1474,Nigeria,2014,1.3,68637.0
1475,Nigeria,2015,1.0,40928.0
1476,Nigeria,2016,1.0,72189.0
1477,Nigeria,2017,1.68,171045.0
1478,Nigeria,2018,1.71,119822.0
1479,Nigeria,2019,1.68,86895.0
1480,Nigeria,2020,1.1,99200.0
1481,Nigeria,2021,1.12,97193.0
1482,North Macedonia,2002,2.65,890.0
1483,North Macedonia,2003,2.18,895.0
1484,North Macedonia,2004,3.52,2200.0
1485,North Macedonia,2005,3.08,1307.0
1486,North Macedonia,2006,3.01,2042.0
1487,North Macedonia,2007,2.4,3862.0
1488,North Macedonia,2008,3.41,3960.0
1489,North Macedonia,2009,3.08,4301.0
1490,North Macedonia,2010,3.04,2223.0
1491,North Macedonia,2011,3.35,2157.0
1492,North Macedonia,2012,2.7,2939.0
1493,North Macedonia,2013,3.2,1149.0
1494,North Macedonia,2014,3.75,1816.0
1495,North Macedonia,2015,2.75,784.0
1496,North Macedonia,2016,3.84,1496.0
1497,North Macedonia,2017,2.75,1145.0
1498,North Macedonia,2018,3.4,1543.0
1499,North Macedonia,2019,3.48,1790.0
1500,North Macedonia,2020,3.53,1856.0
1501,North Macedonia,2021,3.46,2304.0
1502,Norway,2002,4.1,26636.0
1503,Norway,2003,4.61,14817.0
1504,Norway,2004,4.77,33742.0
1505,Norway,2005,4.89,24919.0
1506,Norway,2006,4.16,40649.0
1507,Norway,2007,4.4,31841.0
1508,Norway,2008,4.87,33815.0
1509,Norway,2009,3.41,23317.0
1510,Norway,2010,4.6,40129.0
1511,Norway,2011,3.85,32769.0
1512,Norway,2012,4.1,29947.0
1513,Norway,2013,3.88,33069.0
1514,Norway,2014,4.92,39149.0
1515,Norway,2015,5.77,36639.0
1516,Norway,2016,4.63,60082.0
1517,Norway,2017,5.29,57917.0
1518,Norway,2018,2.35,59220.0
1519,Norway,2019,5.6,64784.0
1520,Norway,2020,4.77,68363.0
1521,Norway,2021,4.19,63937.0
1522,Oman,2002,3.16,0.0
1523,Oman,2003,3.27,0.0
1524,Oman,2004,3.09,0.0
1525,Oman,2005,3.19,0.0
1526,Oman,2006,2.81,0.0
1527,Oman,2007,3.05,0.0
1528,Oman,2008,3.06,0.0
1529,Oman,2009,3.1,0.0
1530,Oman,2010,4.13,0.0
1531,Oman,2011,3.31,0.0
1532,Oman,2012,4.65,0.0
1533,Oman,2013,3.67,0.0
1534,Oman,2014,3.66,0.0
1535,Oman,2015,2.99,0.0
1536,Oman,2016,4.28,0.0
1537,Oman,2017,4.28,0.0
1538,Oman,2018,3.85,0.0
1539,Oman,2019,3.85,0.0
1540,Oman,2020,2.53,0.0
1541,Oman,2021,3.23,0.0
1542,Pakistan,2002,2.26,325.0
1543,Pakistan,2003,2.39,642.0
1544,Pakistan,2004,2.37,1168.0
1545,Pakistan,2005,2.59,948.0
1546,Pakistan,2006,2.52,1345.0
1547,Pakistan,2007,2.72,1123.0
1548,Pakistan,2008,2.45,1054.0
1549,Pakistan,2009,2.66,921.0
1550,Pakistan,2010,2.55,720.0
1551,Pakistan,2011,2.83,463.0
1552,Pakistan,2012,2.71,239.0
1553,Pakistan,2013,2.8,60.0
1554,Pakistan,2014,2.82,39.0
1555,Pakistan,2015,2.73,2.0
1556,Pakistan,2016,2.78,0.0
1557,Pakistan,2017,2.97,190.0
1558,Pakistan,2018,2.85,76.0
1559,Pakistan,2019,2.81,81.0
1560,Pakistan,2020,2.87,69.0
1561,Pakistan,2021,3.0,63.0
1562,Paraguay,2002,1.73,195125.0
1563,Paraguay,2003,2.2,267309.0
1564,Paraguay,2004,2.2,247348.0
1565,Paraguay,2005,2.19,262651.0
1566,Paraguay,2006,1.7,148256.0
1567,Paraguay,2007,2.5,426216.0
1568,Paraguay,2008,2.1,376343.0
1569,Paraguay,2009,2.1,353184.0
1570,Paraguay,2010,2.5,442300.0
1571,Paraguay,2011,2.5,457196.0
1572,Paraguay,2012,2.6,510220.0
1573,Paraguay,2013,2.6,318564.0
1574,Paraguay,2014,1.5,345746.0
1575,Paraguay,2015,1.9,279375.0
1576,Paraguay,2016,2.2,319823.0
1577,Paraguay,2017,2.0,360058.0
1578,Paraguay,2018,1.68,258780.0
1579,Paraguay,2019,2.8,314373.0
1580,Paraguay,2020,2.71,243379.0
1581,Paraguay,2021,2.06,277165.0
1582,Peru,2002,1.35,80452.0
1583,Peru,2003,1.38,73869.0
1584,Peru,2004,1.39,101320.0
1585,Peru,2005,1.34,163023.0
1586,Peru,2006,1.34,88916.0
1587,Peru,2007,1.26,115743.0
1588,Peru,2008,1.38,126614.0
1589,Peru,2009,1.43,177914.0
1590,Peru,2010,1.42,142324.0
1591,Peru,2011,1.47,125265.0
1592,Peru,2012,1.49,275458.0
1593,Peru,2013,1.5,209307.0
1594,Peru,2014,1.56,205452.0
1595,Peru,2015,1.55,166500.0
1596,Peru,2016,1.56,230962.0
1597,Peru,2017,1.5,303281.0
1598,Peru,2018,1.54,211726.0
1599,Peru,2019,1.56,231257.0
1600,Peru,2020,1.63,278657.0
1601,Peru,2021,1.71,225204.0
1602,Poland,2002,3.85,31070.0
1603,Poland,2003,3.4,33293.0
1604,Poland,2004,4.28,41874.0
1605,Poland,2005,3.95,82379.0
1606,Poland,2006,3.24,37680.0
1607,Poland,2007,3.94,57311.0
1608,Poland,2008,4.07,47941.0
1609,Poland,2009,4.17,46926.0
1610,Poland,2010,4.43,71835.0
1611,Poland,2011,4.13,56650.0
1612,Poland,2012,4.14,54896.0
1613,Poland,2013,4.44,35015.0
1614,Poland,2014,4.97,56279.0
1615,Poland,2015,4.57,42743.0
1616,Poland,2016,4.58,86510.0
1617,Poland,2017,4.88,96252.0
1618,Poland,2018,3.99,96846.0
1619,Poland,2019,4.3,76721.0
1620,Poland,2020,5.23,74959.0
1621,Poland,2021,4.98,77568.0
1622,Portugal,2002,1.79,34903.0
1623,Portugal,2003,0.86,26840.0
1624,Portugal,2004,1.56,55315.0
1625,Portugal,2005,0.66,38934.0
1626,Portugal,2006,2.38,42566.0
1627,Portugal,2007,1.86,36322.0
1628,Portugal,2008,2.3,33615.0
1629,Portugal,2009,1.7,39860.0
1630,Portugal,2010,1.43,48401.0
1631,Portugal,2011,1.2,26673.0
1632,Portugal,2012,1.08,58236.0
1633,Portugal,2013,1.76,51884.0
1634,Portugal,2014,2.07,60259.0
1635,Portugal,2015,2.02,46097.0
1636,Portugal,2016,2.36,94647.0
1637,Portugal,2017,2.05,173895.0
1638,Portugal,2018,2.59,97437.0
1639,Portugal,2019,2.7,36886.0
1640,Portugal,2020,2.77,62044.0
1641,Portugal,2021,2.42,37224.0
1642,Qatar,2002,2.27,0.0
1643,Qatar,2003,2.33,0.0
1644,Qatar,2004,2.44,0.0
1645,Qatar,2005,2.33,0.0
1646,Qatar,2006,2.0,0.0
1647,Qatar,2007,2.32,0.0
1648,Qatar,2008,3.0,0.0
1649,Qatar,2009,2.33,0.0
1650,Qatar,2010,2.25,0.0
1651,Qatar,2011,2.36,0.0
1652,Qatar,2012,2.29,0.0
1653,Qatar,2013,2.26,0.0
1654,Qatar,2014,2.5,0.0
1655,Qatar,2016,2.3,0.0
1656,Qatar,2017,2.29,0.0
1657,Qatar,2018,2.5,0.0
1658,Qatar,2019,2.33,0.0
1659,Qatar,2020,2.3,0.0
1660,Qatar,2021,2.31,0.0
1661,Romania,2002,2.06,16356.0
1662,Romania,2003,1.76,9428.0
1663,Romania,2004,3.48,18859.0
1664,Romania,2005,3.0,19418.0
1665,Romania,2006,2.77,13067.0
1666,Romania,2007,1.61,38082.0
1667,Romania,2008,3.42,17535.0
1668,Romania,2009,2.43,16177.0
1669,Romania,2010,2.7,17782.0
1670,Romania,2011,3.66,16927.0
1671,Romania,2012,2.66,30650.0
1672,Romania,2013,3.48,12946.0
1673,Romania,2014,3.6,19482.0
1674,Romania,2015,3.79,10906.0
1675,Romania,2016,3.95,23045.0
1676,Romania,2017,4.89,19187.0
1677,Romania,2018,4.79,18974.0
1678,Romania,2019,4.75,12266.0
1679,Romania,2020,2.97,27446.0
1680,Romania,2021,4.8,14699.0
1681,Rwanda,2002,0.62,941.0
1682,Rwanda,2003,0.77,1061.0
1683,Rwanda,2004,0.8,1122.0
1684,Rwanda,2005,0.91,822.0
1685,Rwanda,2006,0.85,746.0
1686,Rwanda,2007,0.89,1430.0
1687,Rwanda,2008,1.03,1101.0
1688,Rwanda,2009,1.38,1382.0
1689,Rwanda,2010,1.39,2450.0
1690,Rwanda,2011,1.64,926.0
1691,Rwanda,2012,3.49,1090.0
1692,Rwanda,2013,1.81,2473.0
1693,Rwanda,2014,1.88,2889.0
1694,Rwanda,2015,1.81,2217.0
1695,Rwanda,2016,1.71,2778.0
1696,Rwanda,2017,1.02,2729.0
1697,Rwanda,2018,1.1,4291.0
1698,Rwanda,2019,1.19,2516.0
1699,Rwanda,2020,1.04,3187.0
1700,Rwanda,2021,1.04,2922.0
1701,Saudi Arabia,2002,4.89,0.0
1702,Saudi Arabia,2003,4.88,0.0
1703,Saudi Arabia,2004,5.31,0.0
1704,Saudi Arabia,2005,5.42,0.0
1705,Saudi Arabia,2006,5.62,0.0
1706,Saudi Arabia,2007,5.68,0.0
1707,Saudi Arabia,2008,6.09,0.0
1708,Saudi Arabia,2009,5.88,0.0
1709,Saudi Arabia,2010,6.15,0.0
1710,Saudi Arabia,2011,6.14,0.0
1711,Saudi Arabia,2012,5.93,0.0
1712,Saudi Arabia,2013,6.43,0.0
1713,Saudi Arabia,2014,5.88,0.0
1714,Saudi Arabia,2015,6.14,0.0
1715,Saudi Arabia,2016,5.92,0.0
1716,Saudi Arabia,2017,6.43,0.0
1717,Saudi Arabia,2018,6.53,0.0
1718,Saudi Arabia,2019,5.9,0.0
1719,Saudi Arabia,2020,6.38,0.0
1720,Saudi Arabia,2021,6.7,0.0
1721,Serbia,2006,3.47,1891.0
1722,Serbia,2007,3.33,2254.0
1723,Serbia,2008,4.3,3260.0
1724,Serbia,2009,3.64,2507.0
1725,Serbia,2010,3.37,2462.0
1726,Serbia,2011,4.21,2210.0
1727,Serbia,2012,3.98,3478.0
1728,Serbia,2013,4.26,2798.0
1729,Serbia,2014,3.95,4388.0
1730,Serbia,2015,4.12,2815.0
1731,Serbia,2016,4.85,4676.0
1732,Serbia,2017,4.09,3571.0
1733,Serbia,2018,4.57,3966.0
1734,Serbia,2019,4.39,3962.0
1735,Serbia,2020,4.94,4987.0
1736,Serbia,2021,5.75,4072.0
1737,Slovenia,2002,4.89,724.0
1738,Slovenia,2003,3.45,528.0
1739,Slovenia,2004,4.53,1272.0
1740,Slovenia,2005,4.7,1951.0
1741,Slovenia,2006,4.19,1246.0
1742,Slovenia,2007,4.16,2107.0
1743,Slovenia,2008,4.53,1857.0
1744,Slovenia,2009,3.96,1951.0
1745,Slovenia,2010,4.8,1434.0
1746,Slovenia,2011,5.18,1436.0
1747,Slovenia,2012,5.44,906.0
1748,Slovenia,2013,4.35,639.0
1749,Slovenia,2014,5.23,5389.0
1750,Slovenia,2015,5.11,1025.0
1751,Slovenia,2016,5.19,5395.0
1752,Slovenia,2017,5.03,4892.0
1753,Slovenia,2018,4.38,8236.0
1754,Slovenia,2019,5.23,3456.0
1755,Slovenia,2020,5.8,3889.0
1756,Slovenia,2021,5.77,2233.0
1757,Somalia,2002,0.37,251.0
1758,Somalia,2003,0.38,105.0
1759,Somalia,2004,0.38,215.0
1760,Somalia,2005,0.39,272.0
1761,Somalia,2006,0.37,119.0
1762,Somalia,2007,0.38,271.0
1763,Somalia,2008,0.38,250.0
1764,Somalia,2009,0.38,307.0
1765,Somalia,2010,0.39,140.0
1766,Somalia,2011,0.39,185.0
1767,Somalia,2012,0.4,195.0
1768,Somalia,2013,0.4,316.0
1769,Somalia,2014,0.4,123.0
1770,Somalia,2015,0.4,66.0
1771,Somalia,2016,0.4,86.0
1772,Somalia,2017,0.4,305.0
1773,Somalia,2018,0.4,44.0
1774,Somalia,2019,0.4,374.0
1775,Somalia,2020,0.4,155.0
1776,Somalia,2021,0.4,169.0
1777,South Africa,2002,2.59,47680.0
1778,South Africa,2003,2.07,92573.0
1779,South Africa,2004,2.03,72602.0
1780,South Africa,2005,2.37,104652.0
1781,South Africa,2006,2.75,104943.0
1782,South Africa,2007,3.01,47105.0
1783,South Africa,2008,2.85,81376.0
1784,South Africa,2009,3.05,67278.0
1785,South Africa,2010,2.56,61759.0
1786,South Africa,2011,3.32,69617.0
1787,South Africa,2012,3.75,84897.0
1788,South Africa,2013,3.7,56369.0
1789,South Africa,2014,3.67,69667.0
1790,South Africa,2015,2.99,70157.0
1791,South Africa,2016,3.76,73546.0
1792,South Africa,2017,3.12,94056.0
1793,South Africa,2018,3.71,63667.0
1794,South Africa,2019,2.84,76140.0
1795,South Africa,2020,4.16,62247.0
1796,South Africa,2021,4.31,52067.0
1797,Spain,2002,2.83,37699.0
1798,Spain,2003,2.92,23315.0
1799,Spain,2004,3.26,67274.0
1800,Spain,2005,1.77,48955.0
1801,Spain,2006,2.88,72719.0
1802,Spain,2007,3.57,60256.0
1803,Spain,2008,3.25,44288.0
1804,Spain,2009,2.71,67545.0
1805,Spain,2010,3.05,56093.0
1806,Spain,2011,3.45,39326.0
1807,Spain,2012,2.37,80496.0
1808,Spain,2013,3.64,63956.0
1809,Spain,2014,2.98,74226.0
1810,Spain,2015,2.92,65414.0
1811,Spain,2016,3.49,107562.0
1812,Spain,2017,2.33,98459.0
1813,Spain,2018,4.03,119649.0
1814,Spain,2019,3.15,71022.0
1815,Spain,2020,4.25,101988.0
1816,Spain,2021,4.02,85792.0
1817,Sudan,2012,1.73,13.0
1818,Sudan,2013,1.95,9.0
1819,Sudan,2014,2.12,6.0
1820,Sudan,2015,3.44,8.0
1821,Sudan,2016,2.38,27.0
1822,Sudan,2017,2.69,75.0
1823,Sudan,2018,2.45,16.0
1824,Sudan,2019,2.39,56.0
1825,Sudan,2020,2.23,67.0
1826,Sudan,2021,2.31,50.0
1827,Sweden,2002,6.15,178264.0
1828,Sweden,2003,5.48,92619.0
1829,Sweden,2004,5.98,271564.0
1830,Sweden,2005,6.33,248560.0
1831,Sweden,2006,5.46,249126.0
1832,Sweden,2007,6.26,182858.0
1833,Sweden,2008,6.11,293724.0
1834,Sweden,2009,6.08,208258.0
1835,Sweden,2010,5.4,263646.0
1836,Sweden,2011,5.38,205321.0
1837,Sweden,2012,6.24,234883.0
1838,Sweden,2013,5.78,197658.0
1839,Sweden,2014,6.81,242523.0
1840,Sweden,2015,7.21,216031.0
1841,Sweden,2016,6.32,310348.0
1842,Sweden,2017,6.99,331217.0
1843,Sweden,2018,4.35,290151.0
1844,Sweden,2019,7.41,332891.0
1845,Sweden,2020,7.16,339968.0
1846,Sweden,2021,6.32,333157.0
1847,Switzerland,2002,5.63,881.0
1848,Switzerland,2003,5.06,433.0
1849,Switzerland,2004,6.12,3830.0
1850,Switzerland,2005,5.73,2321.0
1851,Switzerland,2006,5.81,2049.0
1852,Switzerland,2007,5.98,1852.0
1853,Switzerland,2008,6.0,2419.0
1854,Switzerland,2009,6.02,2274.0
1855,Switzerland,2010,5.75,1738.0
1856,Switzerland,2011,6.3,1940.0
1857,Switzerland,2012,5.78,1518.0
1858,Switzerland,2013,5.38,794.0
1859,Switzerland,2014,6.35,1504.0
1860,Switzerland,2015,5.99,773.0
1861,Switzerland,2016,4.37,1679.0
1862,Switzerland,2017,6.09,2542.0
1863,Switzerland,2018,5.83,3134.0
1864,Switzerland,2019,5.75,3519.0
1865,Switzerland,2020,6.22,3928.0
1866,Switzerland,2021,5.11,3456.0
1867,Tajikistan,2002,1.79,37.0
1868,Tajikistan,2003,1.97,32.0
1869,Tajikistan,2004,1.99,20.0
1870,Tajikistan,2005,1.96,29.0
1871,Tajikistan,2006,2.0,19.0
1872,Tajikistan,2007,2.35,14.0
1873,Tajikistan,2008,1.99,33.0
1874,Tajikistan,2009,3.03,34.0
1875,Tajikistan,2010,3.02,11.0
1876,Tajikistan,2011,2.34,20.0
1877,Tajikistan,2012,2.68,26.0
1878,Tajikistan,2013,2.97,1.0
1879,Tajikistan,2014,2.97,1.0
1880,Tajikistan,2015,3.03,0.0
1881,Tajikistan,2016,3.08,0.0
1882,Tajikistan,2017,3.15,0.0
1883,Tajikistan,2018,3.05,0.0
1884,Tajikistan,2019,3.17,0.0
1885,Tajikistan,2020,3.15,0.0
1886,Tajikistan,2021,3.1,0.0
1887,Tanzania,2002,2.51,85081.0
1888,Tanzania,2003,2.75,84068.0
1889,Tanzania,2004,1.95,66893.0
1890,Tanzania,2005,2.88,91583.0
1891,Tanzania,2006,2.07,85296.0
1892,Tanzania,2007,1.1,121685.0
1893,Tanzania,2008,1.0,164251.0
1894,Tanzania,2009,0.55,143354.0
1895,Tanzania,2010,1.14,138486.0
1896,Tanzania,2011,1.04,137805.0
1897,Tanzania,2012,0.99,154433.0
1898,Tanzania,2013,0.97,181510.0
1899,Tanzania,2014,1.66,198228.0
1900,Tanzania,2015,0.85,111961.0
1901,Tanzania,2016,1.11,152854.0
1902,Tanzania,2017,1.18,194876.0
1903,Tanzania,2018,1.09,171708.0
1904,Tanzania,2019,1.5,142773.0
1905,Tanzania,2020,1.29,186213.0
1906,Tanzania,2021,1.0,165077.0
1907,Thailand,2002,0.71,60882.0
1908,Thailand,2003,0.74,58448.0
1909,Thailand,2004,0.76,91835.0
1910,Thailand,2005,0.78,84287.0
1911,Thailand,2006,0.79,99821.0
1912,Thailand,2007,0.81,92629.0
1913,Thailand,2008,0.82,80143.0
1914,Thailand,2009,0.85,132690.0
1915,Thailand,2010,0.88,134984.0
1916,Thailand,2011,0.91,94545.0
1917,Thailand,2012,0.87,114508.0
1918,Thailand,2013,1.25,84754.0
1919,Thailand,2014,1.08,137615.0
1920,Thailand,2015,1.0,120808.0
1921,Thailand,2016,1.04,171639.0
1922,Thailand,2017,1.07,196457.0
1923,Thailand,2018,1.03,133533.0
1924,Thailand,2019,1.06,129794.0
1925,Thailand,2020,1.07,119414.0
1926,Thailand,2021,1.06,122816.0
1927,Tunisia,2002,1.41,244.0
1928,Tunisia,2003,2.14,1539.0
1929,Tunisia,2004,1.66,319.0
1930,Tunisia,2005,1.69,633.0
1931,Tunisia,2006,1.49,354.0
1932,Tunisia,2007,1.88,878.0
1933,Tunisia,2008,1.72,718.0
1934,Tunisia,2009,2.1,982.0
1935,Tunisia,2010,1.89,398.0
1936,Tunisia,2011,2.08,2204.0
1937,Tunisia,2012,2.02,1415.0
1938,Tunisia,2013,1.46,1300.0
1939,Tunisia,2014,2.09,2385.0
1940,Tunisia,2015,1.4,1880.0
1941,Tunisia,2016,1.82,1455.0
1942,Tunisia,2017,1.64,8526.0
1943,Tunisia,2018,1.73,903.0
1944,Tunisia,2019,2.26,573.0
1945,Tunisia,2020,1.72,1062.0
1946,Tunisia,2021,1.95,2079.0
1947,Turkmenistan,2002,3.19,105.0
1948,Turkmenistan,2003,2.93,85.0
1949,Turkmenistan,2004,3.17,29.0
1950,Turkmenistan,2005,3.15,31.0
1951,Turkmenistan,2006,3.52,14.0
1952,Turkmenistan,2007,1.3,38.0
1953,Turkmenistan,2008,1.1,75.0
1954,Turkmenistan,2009,1.6,13.0
1955,Turkmenistan,2010,1.7,9.0
1956,Turkmenistan,2011,1.36,17.0
1957,Turkmenistan,2012,1.26,9.0
1958,Turkmenistan,2013,1.2,0.0
1959,Turkmenistan,2014,1.26,1.0
1960,Turkmenistan,2015,1.22,0.0
1961,Turkmenistan,2016,1.48,0.0
1962,Turkmenistan,2017,1.11,0.0
1963,Turkmenistan,2018,1.6,0.0
1964,Turkmenistan,2019,2.17,0.0
1965,Turkmenistan,2020,2.14,0.0
1966,Turkmenistan,2021,1.99,0.0
1967,Uganda,2002,1.75,10841.0
1968,Uganda,2003,1.67,11980.0
1969,Uganda,2004,1.67,18077.0
1970,Uganda,2005,1.67,29172.0
1971,Uganda,2006,1.8,28448.0
1972,Uganda,2007,1.73,36627.0
1973,Uganda,2008,1.73,36926.0
1974,Uganda,2009,1.67,23293.0
1975,Uganda,2010,1.67,34149.0
1976,Uganda,2011,1.77,65067.0
1977,Uganda,2012,1.43,29141.0
1978,Uganda,2013,1.43,47750.0
1979,Uganda,2014,1.58,54913.0
1980,Uganda,2015,1.6,54021.0
1981,Uganda,2016,1.58,67486.0
1982,Uganda,2017,1.56,116902.0
1983,Uganda,2018,1.56,86230.0
1984,Uganda,2019,1.56,63268.0
1985,Uganda,2020,1.55,73603.0
1986,Uganda,2021,1.54,49245.0
1987,Ukraine,2002,3.05,27077.0
1988,Ukraine,2003,2.94,38955.0
1989,Ukraine,2004,3.17,49493.0
1990,Ukraine,2005,2.85,36558.0
1991,Ukraine,2006,2.53,42130.0
1992,Ukraine,2007,2.34,64266.0
1993,Ukraine,2008,3.67,53016.0
1994,Ukraine,2009,3.09,48322.0
1995,Ukraine,2010,2.68,52441.0
1996,Ukraine,2011,3.35,60356.0
1997,Ukraine,2012,2.8,55521.0
1998,Ukraine,2013,3.39,37712.0
1999,Ukraine,2014,4.01,47187.0
2000,Ukraine,2015,3.88,48914.0
2001,Ukraine,2016,4.21,106761.0
2002,Ukraine,2017,4.11,85861.0
2003,Ukraine,2018,3.72,74423.0
2004,Ukraine,2019,4.16,45144.0
2005,Ukraine,2020,3.79,79461.0
2006,Ukraine,2021,4.53,66593.0
2007,United Arab Emirates,2002,3.41,0.0
2008,United Arab Emirates,2003,2.5,0.0
2009,United Arab Emirates,2004,2.0,0.0
2010,United Arab Emirates,2005,2.0,0.0
2011,United Arab Emirates,2006,2.6,0.0
2012,United Arab Emirates,2007,3.0,0.0
2013,United Arab Emirates,2008,3.0,0.0
2014,United Kingdom,2002,8.0,20112.0
2015,United Kingdom,2003,7.78,1875.0
2016,United Kingdom,2004,7.78,24847.0
2017,United Kingdom,2005,7.96,8873.0
2018,United Kingdom,2006,8.04,21053.0
2019,United Kingdom,2007,7.22,31222.0
2020,United Kingdom,2008,8.28,12505.0
2021,United Kingdom,2009,7.93,37710.0
2022,United Kingdom,2010,7.67,28469.0
2023,United Kingdom,2011,7.75,22657.0
2024,United Kingdom,2012,6.66,35669.0
2025,United Kingdom,2013,7.38,28596.0
2026,United Kingdom,2014,8.58,30372.0
2027,United Kingdom,2015,8.98,23997.0
2028,United Kingdom,2016,7.89,28808.0
2029,United Kingdom,2017,8.28,23042.0
2030,United Kingdom,2018,7.75,26251.0
2031,United Kingdom,2019,8.93,28377.0
2032,United Kingdom,2020,6.96,22842.0
2033,United Kingdom,2021,7.81,26216.0
2034,United States,2002,2.36,2038436.0
2035,United States,2003,2.97,1649384.0
2036,United States,2004,2.9,2746257.0
2037,United States,2005,2.82,2691544.0
2038,United States,2006,2.6,2605856.0
2039,United States,2007,2.7,2435128.0
2040,United States,2008,3.02,2213724.0
2041,United States,2009,2.99,1608981.0
2042,United States,2010,3.12,2167662.0
2043,United States,2011,2.94,1663692.0
2044,United States,2012,3.12,1964094.0
2045,United States,2013,3.17,1736445.0
2046,United States,2014,2.94,1736527.0
2047,United States,2015,2.93,2289649.0
2048,United States,2016,3.54,2264067.0
2049,United States,2017,3.12,2311358.0
2050,United States,2018,3.2,2092359.0
2051,United States,2019,3.47,2109918.0
2052,United States,2020,3.34,1966716.0
2053,United States,2021,2.98,2044299.0
2054,Uruguay,2002,2.0,6870.0
2055,Uruguay,2003,1.5,10612.0
2056,Uruguay,2004,2.77,15126.0
2057,Uruguay,2005,2.97,15919.0
2058,Uruguay,2006,2.96,21029.0
2059,Uruguay,2007,3.16,21530.0
2060,Uruguay,2008,2.84,23597.0
2061,Uruguay,2009,2.86,19280.0
2062,Uruguay,2010,3.36,17826.0
2063,Uruguay,2011,3.22,28001.0
2064,Uruguay,2012,3.4,31388.0
2065,Uruguay,2013,2.18,19263.0
2066,Uruguay,2014,3.32,25643.0
2067,Uruguay,2015,2.7,17548.0
2068,Uruguay,2016,3.61,23688.0
2069,Uruguay,2017,3.52,21859.0
2070,Uruguay,2018,2.28,19528.0
2071,Uruguay,2019,3.67,14519.0
2072,Uruguay,2020,3.27,12682.0
2073,Uruguay,2021,4.18,16999.0
2074,Uzbekistan,2002,4.04,265.0
2075,Uzbekistan,2003,3.73,53.0
2076,Uzbekistan,2004,3.75,49.0
2077,Uzbekistan,2005,4.21,21.0
2078,Uzbekistan,2006,4.21,53.0
2079,Uzbekistan,2007,4.48,43.0
2080,Uzbekistan,2008,4.48,44.0
2081,Uzbekistan,2009,4.9,96.0
2082,Uzbekistan,2010,4.6,32.0
2083,Uzbekistan,2011,4.56,33.0
2084,Uzbekistan,2012,4.71,55.0
2085,Uzbekistan,2013,4.74,25.0
2086,Uzbekistan,2014,4.78,83.0
2087,Uzbekistan,2015,4.82,0.0
2088,Uzbekistan,2016,4.8,0.0
2089,Uzbekistan,2017,4.32,2.0
2090,Uzbekistan,2018,4.13,0.0
2091,Uzbekistan,2019,4.65,18.0
2092,Uzbekistan,2020,4.56,3.0
2093,Uzbekistan,2021,4.82,4.0
2094,Zambia,2002,6.25,46240.0
2095,Zambia,2003,6.43,41955.0
2096,Zambia,2004,6.12,28488.0
2097,Zambia,2005,6.21,57518.0
2098,Zambia,2006,5.49,40501.0
2099,Zambia,2007,6.15,53654.0
2100,Zambia,2008,9.94,66180.0
2101,Zambia,2009,5.7,117827.0
2102,Zambia,2010,6.31,173984.0
2103,Zambia,2011,6.31,60076.0
2104,Zambia,2012,6.81,129519.0
2105,Zambia,2013,6.54,84832.0
2106,Zambia,2014,7.16,115221.0
2107,Zambia,2015,6.88,87591.0
2108,Zambia,2016,6.6,141637.0
2109,Zambia,2017,7.24,162681.0
2110,Zambia,2018,5.28,143944.0
2111,Zambia,2019,6.69,124641.0
2112,Zambia,2020,7.37,163028.0
2113,Zambia,2021,6.79,201457.0
